Request Date,Year,Projected Pipeline,VRank,SC Requests
9/5/2025,Q3 '25,"85,000.00",$2B to $4B,"1,311"
8/26/2025,Q3 '25,"18,000.00",$4 Billion+,
8/21/2025,Q3 '25,"30,000.00",$5M to $10M,
8/18/2025,Q3 '25,"10,000.00",$50M to $100M,
8/18/2025,Q3 '25,"40,000.00",$150M to $200M,
8/15/2025,Q3 '25,"20,000.00",$50M to $100M,
8/15/2025,Q3 '25,"15,000.00",$4 Billion+,
8/15/2025,Q3 '25,"10,000.00",$4 Billion+,
8/14/2025,Q3 '25,"14,000.00",$10M to $20M,
8/14/2025,Q3 '25,"10,000.00",$10M to $20M,
8/13/2025,Q3 '25,"4,000.00",$50M to $100M,
8/13/2025,Q3 '25,"20,000.00",$2M to $5M,
8/12/2025,Q3 '25,"80,000.00",$150M to $200M,
8/12/2025,Q3 '25,"20,000.00",$20M to $30M,
8/12/2025,Q3 '25,"100,000.00",$5M to $10M,
8/11/2025,Q3 '25,"12,000.00",$10M to $20M,
8/11/2025,Q3 '25,"5,000.00",$10M to $20M,
8/11/2025,Q3 '25,"3,500.00",$10M to $20M,
8/6/2025,Q3 '25,"5,300.00",$100M to $150M,
8/5/2025,Q3 '25,"20,000.00",$10M to $20M,
8/4/2025,Q3 '25,"2,800.00",$2M to $5M,
8/4/2025,Q3 '25,"5,000.00",$5M to $10M,
8/1/2025,Q3 '25,"5,000.00",$500M to $1B,
8/1/2025,Q3 '25,"9,000.00",$100M to $150M,
8/1/2025,Q3 '25,"30,000.00",$10M to $20M,
8/1/2025,Q3 '25,"4,000.00",$20M to $30M,
7/30/2025,Q3 '25,"30,000.00",$5M to $10M,
7/30/2025,Q3 '25,"15,000.00",$5M to $10M,
7/30/2025,Q3 '25,"40,000.00",$250M to $300M,
7/30/2025,Q3 '25,"4,000.00",$10M to $20M,
7/28/2025,Q3 '25,"20,000.00",$5M to $10M,
7/28/2025,Q3 '25,"20,000.00",$5M to $10M,
7/28/2025,Q3 '25,"6,000.00",$1M to $2M,
7/28/2025,Q3 '25,"14,000.00",$10M to $20M,
7/28/2025,Q3 '25,"10,000.00",$10M to $20M,
7/24/2025,Q3 '25,"20,000.00",$2M to $5M,
7/23/2025,Q3 '25,"45,000.00",$5M to $10M,
7/23/2025,Q3 '25,"6,000.00",$10M to $20M,
7/23/2025,Q3 '25,"8,000.00",$50M to $100M,
7/23/2025,Q3 '25,"10,000.00",$50M to $100M,
7/23/2025,Q3 '25,"15,000.00",$100M to $150M,
7/22/2025,Q3 '25,"15,000.00",$50M to $100M,
7/22/2025,Q3 '25,"40,000.00",$10M to $20M,
7/22/2025,Q3 '25,"8,000.00",$100M to $150M,
7/22/2025,Q3 '25,"5,000.00",$500M to $1B,
7/22/2025,Q3 '25,"6,000.00",$10M to $20M,
7/22/2025,Q3 '25,"14,000.00",$10M to $20M,
7/21/2025,Q3 '25,"150,000.00",$250M to $300M,
7/18/2025,Q3 '25,"5,000.00",$20M to $30M,
7/16/2025,Q3 '25,"6,000.00",$200M to $250M,
7/16/2025,Q3 '25,"30,000.00",$1B to $2B,
7/16/2025,Q3 '25,"30,000.00",$2M to $5M,
7/16/2025,Q3 '25,"5,000.00",$2M to $5M,
7/15/2025,Q3 '25,"1,000.00",$20M to $30M,
7/15/2025,Q3 '25,"5,000.00",$5M to $10M,
7/15/2025,Q3 '25,"10,000.00",$2B to $4B,
7/15/2025,Q3 '25,"1,000.00",$20M to $30M,
7/14/2025,Q3 '25,"5,000.00",$10M to $20M,
7/14/2025,Q3 '25,"20,000.00",$50M to $100M,
7/14/2025,Q3 '25,"200,000.00",$10M to $20M,
7/11/2025,Q3 '25,"15,000.00",$2M to $5M,
7/11/2025,Q3 '25,"75,000.00",$100M to $150M,
7/9/2025,Q3 '25,"10,000.00",$1M to $2M,
7/8/2025,Q3 '25,"20,000.00",$5M to $10M,
7/8/2025,Q3 '25,"7,000.00",$5M to $10M,
7/3/2025,Q3 '25,"10,000.00",$500M to $1B,
7/2/2025,Q3 '25,"15,000.00",$5M to $10M,
7/1/2025,Q3 '25,"10,000.00",$1M to $2M,
7/1/2025,Q3 '25,"30,000.00",$5M to $10M,
7/1/2025,Q3 '25,"5,000.00",$2M to $5M,
7/1/2025,Q3 '25,"20,000.00",$500M to $1B,
7/1/2025,Q3 '25,"45,000.00",$50M to $100M,
6/30/2025,Q2 '25,"10,000.00",$50M to $100M,
6/25/2025,Q2 '25,"5,000.00",$5M to $10M,
6/25/2025,Q2 '25,"65,000.00",$2M to $5M,
6/25/2025,Q2 '25,"10,000.00",$30M to $50M,
6/24/2025,Q2 '25,"150,000.00",$2B to $4B,
6/24/2025,Q2 '25,"20,000.00",$10M to $20M,
6/23/2025,Q2 '25,"75,000.00",$20M to $30M,
6/23/2025,Q2 '25,"35,000.00",$10M to $20M,
6/18/2025,Q2 '25,"15,000.00",$30M to $50M,
6/18/2025,Q2 '25,"1,000.00",$4 Billion+,
6/17/2025,Q2 '25,"15,000.00",$10M to $20M,
6/17/2025,Q2 '25,"20,000.00",$150M to $200M,
6/16/2025,Q2 '25,"40,000.00",$150M to $200M,
6/16/2025,Q2 '25,"30,000.00",$30M to $50M,
6/16/2025,Q2 '25,"3,000.00",$10M to $20M,
6/3/2025,Q2 '25,"18,000.00",$2M to $5M,
5/30/2025,Q2 '25,"15,000.00",$5M to $10M,
5/28/2025,Q2 '25,"1,500.00",$20M to $30M,
5/23/2025,Q2 '25,"75,000.00",$200M to $250M,
5/23/2025,Q2 '25,"1,000.00",$1M to $2M,
5/19/2025,Q2 '25,"23,000.00",$100M to $150M,
5/15/2025,Q2 '25,"2,000.00",$500k to $1M,
5/14/2025,Q2 '25,"15,000.00",$200M to $250M,
5/14/2025,Q2 '25,"5,000.00",$150M to $200M,
5/14/2025,Q2 '25,"15,000.00",$20M to $30M,
5/14/2025,Q2 '25,"20,000.00",$100M to $150M,
5/13/2025,Q2 '25,"20,000.00",$5M to $10M,
5/13/2025,Q2 '25,"2,000.00",$10M to $20M,
5/12/2025,Q2 '25,"60,000.00",$5M to $10M,
5/9/2025,Q2 '25,"75,000.00",$200M to $250M,
5/8/2025,Q2 '25,"15,000.00",$2M to $5M,
5/7/2025,Q2 '25,"30,000.00",$400M to $500M,
5/5/2025,Q2 '25,"5,000.00",$5M to $10M,
5/2/2025,Q2 '25,"8,000.00",$10M to $20M,
4/30/2025,Q2 '25,"40,000.00",$30M to $50M,
4/30/2025,Q2 '25,"50,000.00",$10M to $20M,
4/30/2025,Q2 '25,"5,000.00",$5M to $10M,
4/29/2025,Q2 '25,"60,000.00",$20M to $30M,
4/28/2025,Q2 '25,"6,000.00",$10M to $20M,
4/28/2025,Q2 '25,"5,000.00",$5M to $10M,
4/23/2025,Q2 '25,"45,000.00",$5M to $10M,
4/23/2025,Q2 '25,"20,000.00",$100M to $150M,
4/22/2025,Q2 '25,"15,000.00",$200M to $250M,
4/22/2025,Q2 '25,"31,000.00",$100M to $150M,
4/21/2025,Q2 '25,"15,000.00",$10M to $20M,
4/17/2025,Q2 '25,"45,000.00",$20M to $30M,
4/17/2025,Q2 '25,"30,000.00",$2M to $5M,
4/15/2025,Q2 '25,"2,000.00",Under $500K,
4/15/2025,Q2 '25,"140,000.00",$200M to $250M,
4/15/2025,Q2 '25,"80,000.00",$1B to $2B,
4/15/2025,Q2 '25,"15,000.00",$5M to $10M,
4/11/2025,Q2 '25,"10,000.00",Under $500K,
4/11/2025,Q2 '25,"5,000.00",$5M to $10M,
4/9/2025,Q2 '25,"40,000.00",$2M to $5M,
4/9/2025,Q2 '25,"8,000.00",$10M to $20M,
4/9/2025,Q2 '25,"5,000.00",$10M to $20M,
4/9/2025,Q2 '25,"6,000.00",$10M to $20M,
4/9/2025,Q2 '25,"25,000.00",$2M to $5M,
4/8/2025,Q2 '25,"2,000.00",$50M to $100M,
4/8/2025,Q2 '25,"45,000.00",$50M to $100M,
4/3/2025,Q2 '25,"7,000.00",$10M to $20M,
4/3/2025,Q2 '25,"35,000.00",$5M to $10M,
4/2/2025,Q2 '25,"50,000.00",$5M to $10M,
3/31/2025,Q1 '25,"5,000.00",$10M to $20M,
3/28/2025,Q1 '25,"1,000.00",$2M to $5M,
3/27/2025,Q1 '25,"9,000.00",$2M to $5M,
3/27/2025,Q1 '25,"20,000.00",$500k to $1M,
3/27/2025,Q1 '25,"10,000.00",$5M to $10M,
3/27/2025,Q1 '25,"15,000.00",$10M to $20M,
3/27/2025,Q1 '25,"5,000.00",$5M to $10M,
3/26/2025,Q1 '25,"15,000.00",$2M to $5M,
3/25/2025,Q1 '25,"22,000.00",Under $500K,
3/24/2025,Q1 '25,"17,000.00",$5M to $10M,
3/19/2025,Q1 '25,"5,000.00",$5M to $10M,
3/14/2025,Q1 '25,"10,000.00",$5M to $10M,
3/12/2025,Q1 '25,"60,000.00",$30M to $50M,
3/11/2025,Q1 '25,"15,000.00",$10M to $20M,
3/11/2025,Q1 '25,"20,000.00",$50M to $100M,
3/11/2025,Q1 '25,"8,000.00",$100M to $150M,
3/10/2025,Q1 '25,"20,000.00",$500k to $1M,
3/7/2025,Q1 '25,"10,000.00",$5M to $10M,
3/7/2025,Q1 '25,"1,000.00",$5M to $10M,
3/7/2025,Q1 '25,"40,000.00",$1M to $2M,
3/7/2025,Q1 '25,"70,000.00",$30M to $50M,
3/6/2025,Q1 '25,"25,000.00",$5M to $10M,
3/6/2025,Q1 '25,"1,000.00",$50M to $100M,
3/5/2025,Q1 '25,"30,000.00",$100M to $150M,
3/4/2025,Q1 '25,"20,000.00",$5M to $10M,
3/4/2025,Q1 '25,"5,000.00",$20M to $30M,
3/3/2025,Q1 '25,"45,000.00",$100M to $150M,
3/3/2025,Q1 '25,"23,000.00",$10M to $20M,
2/28/2025,Q1 '25,"10,000.00",$10M to $20M,
2/28/2025,Q1 '25,"20,000.00",$5M to $10M,
2/26/2025,Q1 '25,"13,000.00",$250M to $300M,
2/24/2025,Q1 '25,"10,000.00",$1M to $2M,
2/20/2025,Q1 '25,"60,000.00",$4 Billion+,
2/19/2025,Q1 '25,"50,000.00",$100M to $150M,
2/19/2025,Q1 '25,"25,000.00",$100M to $150M,
2/19/2025,Q1 '25,"35,000.00",$100M to $150M,
2/18/2025,Q1 '25,"20,000.00",$150M to $200M,
2/18/2025,Q1 '25,"15,000.00",$5M to $10M,
2/14/2025,Q1 '25,"10,000.00",$250M to $300M,
2/14/2025,Q1 '25,"5,000.00",$10M to $20M,
2/13/2025,Q1 '25,"8,000.00",$2M to $5M,
2/12/2025,Q1 '25,"15,000.00",$30M to $50M,
2/11/2025,Q1 '25,"40,000.00",$4 Billion+,
2/11/2025,Q1 '25,"30,000.00",$5M to $10M,
2/11/2025,Q1 '25,"40,000.00",$20M to $30M,
2/11/2025,Q1 '25,"6,000.00",$20M to $30M,
2/10/2025,Q1 '25,"15,000.00",$30M to $50M,
2/10/2025,Q1 '25,"5,000.00",$5M to $10M,
2/10/2025,Q1 '25,"6,000.00",$10M to $20M,
2/10/2025,Q1 '25,"30,000.00",$50M to $100M,
2/7/2025,Q1 '25,"40,000.00",$50M to $100M,
2/7/2025,Q1 '25,"10,000.00",$2M to $5M,
2/7/2025,Q1 '25,"40,000.00",$2M to $5M,
2/7/2025,Q1 '25,"45,000.00",$50M to $100M,
2/6/2025,Q1 '25,"25,000.00",$2M to $5M,
2/6/2025,Q1 '25,"28,000.00",$10M to $20M,
2/5/2025,Q1 '25,"15,000.00",$5M to $10M,
2/4/2025,Q1 '25,"30,000.00",$2B to $4B,
2/4/2025,Q1 '25,"12,000.00",$100M to $150M,
2/4/2025,Q1 '25,"8,000.00",$10M to $20M,
2/4/2025,Q1 '25,"38,000.00",$10M to $20M,
2/3/2025,Q1 '25,"10,000.00",$100M to $150M,
2/3/2025,Q1 '25,"12,000.00",$10M to $20M,
2/3/2025,Q1 '25,"4,000.00",$5M to $10M,
1/30/2025,Q1 '25,"4,000.00",$10M to $20M,
1/30/2025,Q1 '25,"5,000.00",$10M to $20M,
1/30/2025,Q1 '25,"6,000.00",$10M to $20M,
1/28/2025,Q1 '25,"70,000.00",$10M to $20M,
1/27/2025,Q1 '25,"30,000.00",$30M to $50M,
1/25/2025,Q1 '25,"65,000.00",$150M to $200M,
1/24/2025,Q1 '25,"1,000.00",$20M to $30M,
1/23/2025,Q1 '25,"30,000.00",$10M to $20M,
1/21/2025,Q1 '25,"16,000.00",$300M to $400M,
1/21/2025,Q1 '25,"40,000.00",$20M to $30M,
1/21/2025,Q1 '25,"50,000.00",$20M to $30M,
1/21/2025,Q1 '25,"10,000.00",$10M to $20M,
1/17/2025,Q1 '25,"25,000.00",$10M to $20M,
1/17/2025,Q1 '25,"40,000.00",$5M to $10M,
1/16/2025,Q1 '25,"3,000.00",$20M to $30M,
1/16/2025,Q1 '25,"40,000.00",$30M to $50M,
1/15/2025,Q1 '25,"5,000.00",Under $500K,
1/14/2025,Q1 '25,"5,000.00",$20M to $30M,
1/14/2025,Q1 '25,"5,000.00",$20M to $30M,
1/14/2025,Q1 '25,"20,000.00",$10M to $20M,
1/14/2025,Q1 '25,"13,000.00",$100M to $150M,
1/14/2025,Q1 '25,"80,000.00",$30M to $50M,
1/14/2025,Q1 '25,"10,000.00",$100M to $150M,
1/14/2025,Q1 '25,"11,000.00",$1M to $2M,
1/14/2025,Q1 '25,"35,000.00",$10M to $20M,
1/14/2025,Q1 '25,"12,000.00",$2M to $5M,
1/14/2025,Q1 '25,"40,000.00",$2M to $5M,
1/13/2025,Q1 '25,"12,000.00",$2M to $5M,
1/13/2025,Q1 '25,"40,000.00",$10M to $20M,
1/11/2025,Q1 '25,"18,000.00",$10M to $20M,
1/10/2025,Q1 '25,100,$5M to $10M,
1/10/2025,Q1 '25,"30,000.00",$50M to $100M,
1/10/2025,Q1 '25,"40,000.00",$500k to $1M,
1/9/2025,Q1 '25,"6,000.00",$10M to $20M,
1/8/2025,Q1 '25,"8,000.00",$10M to $20M,
1/7/2025,Q1 '25,"40,000.00",$2M to $5M,
1/7/2025,Q1 '25,"15,000.00",$200M to $250M,
1/6/2025,Q1 '25,"80,000.00",$30M to $50M,
12/24/2024,Q4 '24,"25,000.00",$1M to $2M,
12/17/2024,Q4 '24,"14,000.00",$10M to $20M,
12/17/2024,Q4 '24,"25,000.00",$50M to $100M,
12/16/2024,Q4 '24,"6,000.00",$5M to $10M,
12/16/2024,Q4 '24,"10,000.00",$2M to $5M,
12/16/2024,Q4 '24,"5,000.00",$5M to $10M,
12/16/2024,Q4 '24,"5,000.00",$50M to $100M,
12/16/2024,Q4 '24,"135,000.00",$2B to $4B,
12/12/2024,Q4 '24,"16,000.00",$5M to $10M,
12/10/2024,Q4 '24,"38,000.00",$30M to $50M,
12/9/2024,Q4 '24,"40,000.00",$250M to $300M,
12/9/2024,Q4 '24,"120,000.00",$250M to $300M,
12/9/2024,Q4 '24,"25,000.00",$10M to $20M,
12/6/2024,Q4 '24,"28,000.00",$50M to $100M,
12/5/2024,Q4 '24,"25,000.00",$5M to $10M,
12/5/2024,Q4 '24,"5,000.00",$1B to $2B,
12/3/2024,Q4 '24,"20,000.00",$30M to $50M,
12/2/2024,Q4 '24,"5,000.00",$2M to $5M,
12/2/2024,Q4 '24,"2,000.00",$2M to $5M,
12/2/2024,Q4 '24,"27,000.00",$100M to $150M,
12/2/2024,Q4 '24,"200,000.00",$100M to $150M,
11/26/2024,Q4 '24,"50,000.00",$5M to $10M,
11/26/2024,Q4 '24,"45,000.00",$5M to $10M,
11/26/2024,Q4 '24,"45,000.00",$5M to $10M,
11/25/2024,Q4 '24,"40,000.00",$30M to $50M,
11/21/2024,Q4 '24,"7,000.00",$10M to $20M,
11/18/2024,Q4 '24,"20,000.00",$20M to $30M,
11/14/2024,Q4 '24,"10,000.00",$20M to $30M,
11/14/2024,Q4 '24,"15,000.00",$5M to $10M,
11/13/2024,Q4 '24,"10,000.00",$500k to $1M,
11/12/2024,Q4 '24,"30,000.00",$30M to $50M,
11/12/2024,Q4 '24,"60,000.00",$5M to $10M,
11/11/2024,Q4 '24,"25,000.00",$10M to $20M,
11/11/2024,Q4 '24,"30,000.00",$10M to $20M,
11/11/2024,Q4 '24,"50,000.00",$10M to $20M,
11/8/2024,Q4 '24,"5,000.00",$30M to $50M,
11/7/2024,Q4 '24,"48,000.00",$50M to $100M,
11/6/2024,Q4 '24,"15,000.00",$10M to $20M,
11/5/2024,Q4 '24,"50,000.00",$10M to $20M,
11/5/2024,Q4 '24,"30,000.00",$10M to $20M,
11/5/2024,Q4 '24,"25,000.00",$10M to $20M,
11/5/2024,Q4 '24,"35,000.00",$400M to $500M,
11/5/2024,Q4 '24,"5,000.00",$500k to $1M,
11/5/2024,Q4 '24,"40,000.00",$400M to $500M,
11/5/2024,Q4 '24,"75,000.00",$400M to $500M,
11/4/2024,Q4 '24,"25,000.00",$10M to $20M,
10/31/2024,Q4 '24,"16,000.00",$30M to $50M,
10/29/2024,Q4 '24,"6,000.00",$5M to $10M,
10/29/2024,Q4 '24,"10,000.00",$5M to $10M,
10/28/2024,Q4 '24,"28,000.00",$5M to $10M,
10/28/2024,Q4 '24,"12,000.00",$30M to $50M,
10/25/2024,Q4 '24,"24,000.00",$10M to $20M,
10/24/2024,Q4 '24,"24,000.00",$5M to $10M,
10/24/2024,Q4 '24,"20,000.00",$5M to $10M,
10/18/2024,Q4 '24,"26,000.00",$20M to $30M,
10/18/2024,Q4 '24,"30,000.00",$30M to $50M,
10/15/2024,Q4 '24,"5,000.00",$50M to $100M,
10/15/2024,Q4 '24,"2,500.00",$50M to $100M,
10/14/2024,Q4 '24,"20,000.00",$1B to $2B,
10/10/2024,Q4 '24,"20,000.00",$30M to $50M,
10/9/2024,Q4 '24,"35,000.00",$30M to $50M,
10/9/2024,Q4 '24,"95,000.00",$30M to $50M,
10/7/2024,Q4 '24,"8,000.00",Under $500K,
10/2/2024,Q4 '24,"15,000.00",$150M to $200M,
10/2/2024,Q4 '24,"80,000.00",$150M to $200M,
9/30/2024,Q3 '24,"300,000.00",$400M to $500M,
9/30/2024,Q3 '24,"20,000.00",$20M to $30M,
9/30/2024,Q3 '24,"25,000.00",$10M to $20M,
9/27/2024,Q3 '24,"7,000.00",$30M to $50M,
9/26/2024,Q3 '24,"24,000.00",$10M to $20M,
9/26/2024,Q3 '24,"25,000.00",$30M to $50M,
9/25/2024,Q3 '24,"40,000.00",$10M to $20M,
9/23/2024,Q3 '24,"300,000.00",$400M to $500M,
9/19/2024,Q3 '24,"15,000.00",$2M to $5M,
9/18/2024,Q3 '24,"60,000.00",$5M to $10M,
9/18/2024,Q3 '24,"60,000.00",$50M to $100M,
9/18/2024,Q3 '24,"20,000.00",$10M to $20M,
9/6/2024,Q3 '24,"40,000.00",$20M to $30M,
9/5/2024,Q3 '24,"21,000.00",$5M to $10M,
9/4/2024,Q3 '24,"5,000.00",$100M to $150M,
9/3/2024,Q3 '24,"126,000.00",$30M to $50M,
9/3/2024,Q3 '24,"20,000.00",$30M to $50M,
8/30/2024,Q3 '24,"42,000.00",$5M to $10M,
8/30/2024,Q3 '24,"9,000.00",$5M to $10M,
8/30/2024,Q3 '24,"22,000.00",$5M to $10M,
8/29/2024,Q3 '24,"40,000.00",$500M to $1B,
8/29/2024,Q3 '24,"90,000.00",$500M to $1B,
8/29/2024,Q3 '24,"10,000.00",$30M to $50M,
8/29/2024,Q3 '24,"95,000.00",$30M to $50M,
8/29/2024,Q3 '24,"150,000.00",$30M to $50M,
8/29/2024,Q3 '24,"8,000.00",$2M to $5M,
8/28/2024,Q3 '24,"29,000.00",$50M to $100M,
8/28/2024,Q3 '24,"16,000.00",Under $500K,
8/28/2024,Q3 '24,"6,000.00",$20M to $30M,
8/26/2024,Q3 '24,"5,000.00",$2M to $5M,
8/22/2024,Q3 '24,"20,000.00",$30M to $50M,
8/22/2024,Q3 '24,"150,000.00",$30M to $50M,
8/21/2024,Q3 '24,"25,000.00",$50M to $100M,
8/21/2024,Q3 '24,"4,000.00",$5M to $10M,
8/20/2024,Q3 '24,"36,000.00",$100M to $150M,
8/20/2024,Q3 '24,"16,000.00",$200M to $250M,
8/15/2024,Q3 '24,"30,000.00",$100M to $150M,
8/15/2024,Q3 '24,"24,000.00",$5M to $10M,
8/15/2024,Q3 '24,"10,000.00",$10M to $20M,
8/15/2024,Q3 '24,"10,000.00",$5M to $10M,
8/12/2024,Q3 '24,"45,000.00",$50M to $100M,
8/12/2024,Q3 '24,"15,000.00",$2M to $5M,
8/9/2024,Q3 '24,"20,000.00",$5M to $10M,
8/9/2024,Q3 '24,"20,000.00",$30M to $50M,
8/5/2024,Q3 '24,"25,000.00",$100M to $150M,
8/5/2024,Q3 '24,"41,000.00",$20M to $30M,
8/5/2024,Q3 '24,"4,000.00",$20M to $30M,
8/2/2024,Q3 '24,"15,000.00",$5M to $10M,
8/2/2024,Q3 '24,"15,000.00",$2B to $4B,
8/2/2024,Q3 '24,"35,000.00",$5M to $10M,
8/2/2024,Q3 '24,"30,000.00",$2M to $5M,
8/2/2024,Q3 '24,"5,000.00",$20M to $30M,
8/2/2024,Q3 '24,"1,000.00",$50M to $100M,
7/31/2024,Q3 '24,"18,000.00",$100M to $150M,
7/25/2024,Q3 '24,"4,000.00",$2B to $4B,
7/25/2024,Q3 '24,"20,000.00",Under $500K,
7/23/2024,Q3 '24,"110,000.00",$5M to $10M,
7/23/2024,Q3 '24,"42,000.00",$5M to $10M,
7/19/2024,Q3 '24,"15,000.00",$100M to $150M,
7/19/2024,Q3 '24,"7,000.00",$50M to $100M,
7/19/2024,Q3 '24,"20,000.00",$50M to $100M,
7/18/2024,Q3 '24,"20,000.00",$5M to $10M,
7/17/2024,Q3 '24,"20,000.00",$1M to $2M,
7/17/2024,Q3 '24,"3,500.00",$10M to $20M,
7/17/2024,Q3 '24,"13,000.00",$4 Billion+,
7/11/2024,Q3 '24,"2,000.00",$20M to $30M,
7/10/2024,Q3 '24,"15,000.00",$5M to $10M,
7/10/2024,Q3 '24,"40,000.00",$10M to $20M,
7/9/2024,Q3 '24,"20,000.00",$2B to $4B,
7/8/2024,Q3 '24,"10,000.00",$20M to $30M,
7/3/2024,Q3 '24,"25,000.00",$50M to $100M,
7/3/2024,Q3 '24,"15,000.00",$30M to $50M,
7/3/2024,Q3 '24,"23,000.00",$50M to $100M,
7/3/2024,Q3 '24,"7,000.00",$10M to $20M,
7/2/2024,Q3 '24,"40,000.00",$2M to $5M,
7/2/2024,Q3 '24,"95,000.00",$30M to $50M,
7/1/2024,Q3 '24,"10,000.00",$10M to $20M,
6/28/2024,Q2 '24,"40,000.00",$4 Billion+,
6/28/2024,Q2 '24,"50,000.00",$4 Billion+,
6/27/2024,Q2 '24,"50,000.00",$5M to $10M,
6/27/2024,Q2 '24,"17,000.00",$20M to $30M,
6/27/2024,Q2 '24,"190,000.00",$4 Billion+,
6/26/2024,Q2 '24,"20,000.00",$5M to $10M,
6/25/2024,Q2 '24,"65,000.00",$150M to $200M,
6/24/2024,Q2 '24,"20,000.00",$150M to $200M,
6/21/2024,Q2 '24,"38,000.00",$150M to $200M,
6/20/2024,Q2 '24,"5,000.00",$100M to $150M,
6/20/2024,Q2 '24,"20,000.00",$100M to $150M,
6/20/2024,Q2 '24,"150,000.00",$100M to $150M,
6/20/2024,Q2 '24,"95,000.00",$30M to $50M,
6/18/2024,Q2 '24,"25,000.00",$10M to $20M,
6/18/2024,Q2 '24,"23,000.00",$50M to $100M,
6/18/2024,Q2 '24,"26,000.00",$5M to $10M,
6/17/2024,Q2 '24,"25,000.00",$100M to $150M,
6/17/2024,Q2 '24,"10,000.00",$50M to $100M,
6/17/2024,Q2 '24,"15,000.00",$10M to $20M,
6/17/2024,Q2 '24,"20,000.00",$30M to $50M,
6/14/2024,Q2 '24,"15,000.00",$50M to $100M,
6/13/2024,Q2 '24,"30,000.00",$2M to $5M,
6/12/2024,Q2 '24,"4,000.00",$20M to $30M,
6/11/2024,Q2 '24,"35,000.00",$20M to $30M,
6/10/2024,Q2 '24,"55,000.00",$10M to $20M,
6/7/2024,Q2 '24,"2,000.00",$100M to $150M,
6/5/2024,Q2 '24,"8,500.00",$50M to $100M,
6/3/2024,Q2 '24,"32,414.00",$10M to $20M,
8/4/2023,Q3 '23,"25,000.00",$30M to $50M,
8/4/2023,Q3 '23,"10,000.00",$30M to $50M,
8/3/2023,Q3 '23,"12,000.00",$5M to $10M,
8/2/2023,Q3 '23,"91,000.00",$10M to $20M,
8/2/2023,Q3 '23,"15,000.00",$10M to $20M,
8/2/2023,Q3 '23,"18,000.00",$2M to $5M,
8/1/2023,Q3 '23,"20,000.00",$5M to $10M,
7/24/2023,Q3 '23,"40,000.00",$5M to $10M,
7/24/2023,Q3 '23,"15,000.00",$30M to $50M,
7/24/2023,Q3 '23,"5,000.00",$20M to $30M,
7/21/2023,Q3 '23,"17,000.00",$10M to $20M,
7/18/2023,Q3 '23,"7,500.00",$2M to $5M,
7/18/2023,Q3 '23,"13,000.00",$10M to $20M,
7/17/2023,Q3 '23,"45,000.00",$10M to $20M,
7/13/2023,Q3 '23,"7,000.00",$5M to $10M,
7/12/2023,Q3 '23,"2,000.00",$5M to $10M,
7/12/2023,Q3 '23,"15,000.00",$2M to $5M,
7/10/2023,Q3 '23,"18,000.00",$10M to $20M,
7/10/2023,Q3 '23,"20,000.00",$10M to $20M,
7/10/2023,Q3 '23,"14,000.00",$10M to $20M,
7/7/2023,Q3 '23,"20,000.00",$2M to $5M,
7/7/2023,Q3 '23,"19,000.00",$100M to $150M,
7/7/2023,Q3 '23,"1,000.00",$2M to $5M,
7/7/2023,Q3 '23,"25,000.00",$10M to $20M,
7/7/2023,Q3 '23,"58,000.00",$150M to $200M,
7/6/2023,Q3 '23,"20,000.00",$1B to $2B,
7/6/2023,Q3 '23,"40,000.00",$10M to $20M,
7/6/2023,Q3 '23,"6,000.00",$300M to $400M,
7/6/2023,Q3 '23,"7,000.00",$10M to $20M,
7/6/2023,Q3 '23,"20,000.00",$10M to $20M,
7/5/2023,Q3 '23,"135,000.00",$400M to $500M,
7/5/2023,Q3 '23,"50,000.00",$500k to $1M,
7/5/2023,Q3 '23,"6,000.00",$20M to $30M,
6/30/2023,Q2 '23,"20,000.00",$500k to $1M,
6/29/2023,Q2 '23,"8,000.00",$10M to $20M,
6/29/2023,Q2 '23,"14,000.00",$10M to $20M,
6/29/2023,Q2 '23,"15,000.00",$100M to $150M,
6/29/2023,Q2 '23,"15,000.00",$100M to $150M,
6/27/2023,Q2 '23,"7,000.00",$5M to $10M,
6/27/2023,Q2 '23,"6,000.00",$400M to $500M,
6/27/2023,Q2 '23,"12,000.00",$400M to $500M,
6/27/2023,Q2 '23,"20,000.00",$400M to $500M,
6/27/2023,Q2 '23,"5,000.00",$10M to $20M,
6/26/2023,Q2 '23,"98,000.00",$4 Billion+,
6/23/2023,Q2 '23,"20,000.00",$100M to $150M,
6/23/2023,Q2 '23,"15,000.00",$20M to $30M,
6/23/2023,Q2 '23,"25,000.00",$30M to $50M,
6/23/2023,Q2 '23,"16,000.00",$500k to $1M,
6/22/2023,Q2 '23,"20,000.00",$5M to $10M,
6/22/2023,Q2 '23,"6,000.00",$500k to $1M,
6/21/2023,Q2 '23,"12,000.00",$10M to $20M,
6/21/2023,Q2 '23,"20,500.00",$50M to $100M,
6/21/2023,Q2 '23,"3,000.00",$10M to $20M,
6/20/2023,Q2 '23,"18,000.00",$2M to $5M,
6/20/2023,Q2 '23,"30,000.00",$5M to $10M,
6/8/2023,Q2 '23,"13,000.00",$1B to $2B,
6/6/2023,Q2 '23,"28,000.00",$10M to $20M,
6/5/2023,Q2 '23,"3,000.00",$20M to $30M,
6/5/2023,Q2 '23,"23,000.00",$20M to $30M,
6/1/2023,Q2 '23,"40,000.00",$20M to $30M,
5/31/2023,Q2 '23,"6,000.00",$30M to $50M,
5/30/2023,Q2 '23,"16,000.00",$5M to $10M,
5/30/2023,Q2 '23,"12,000.00",$1B to $2B,
5/25/2023,Q2 '23,"14,000.00",$10M to $20M,
5/24/2023,Q2 '23,"7,000.00",$10M to $20M,
5/24/2023,Q2 '23,"44,000.00",$20M to $30M,
5/24/2023,Q2 '23,"255,000.00",$20M to $30M,
5/24/2023,Q2 '23,"30,000.00",$5M to $10M,
5/24/2023,Q2 '23,"6,200.00",$10M to $20M,
5/23/2023,Q2 '23,"50,000.00",$50M to $100M,
5/23/2023,Q2 '23,"30,000.00",$1B to $2B,
5/22/2023,Q2 '23,"85,000.00",$10M to $20M,
5/22/2023,Q2 '23,"40,000.00",$30M to $50M,
5/22/2023,Q2 '23,"8,000.00",$2M to $5M,
5/22/2023,Q2 '23,"7,000.00",$2M to $5M,
5/19/2023,Q2 '23,"2,500.00",$2M to $5M,
5/18/2023,Q2 '23,"8,000.00",$5M to $10M,
5/17/2023,Q2 '23,"25,000.00",$400M to $500M,
5/16/2023,Q2 '23,"5,000.00",$10M to $20M,
5/16/2023,Q2 '23,"30,000.00",$50M to $100M,
5/16/2023,Q2 '23,"25,000.00",$10M to $20M,
5/16/2023,Q2 '23,"25,000.00",$400M to $500M,
5/12/2023,Q2 '23,"66,000.00",$20M to $30M,
5/12/2023,Q2 '23,"15,000.00",$10M to $20M,
5/11/2023,Q2 '23,"75,000.00",$1M to $2M,
5/11/2023,Q2 '23,"6,000.00",$2M to $5M,
5/10/2023,Q2 '23,"50,000.00",$50M to $100M,
5/9/2023,Q2 '23,"200,000.00",$4 Billion+,
5/5/2023,Q2 '23,"16,678.56",$20M to $30M,
5/4/2023,Q2 '23,"17,000.00",Under $500K,
5/4/2023,Q2 '23,"40,000.00",$20M to $30M,
5/3/2023,Q2 '23,"53,000.00",$2M to $5M,
5/2/2023,Q2 '23,"3,700.00",$30M to $50M,
5/2/2023,Q2 '23,"178,000.00",$250M to $300M,
5/2/2023,Q2 '23,"20,000.00",$5M to $10M,
5/1/2023,Q2 '23,"40,000.00",$150M to $200M,
5/1/2023,Q2 '23,"15,000.00",$20M to $30M,
4/27/2023,Q2 '23,"12,000.00",$2M to $5M,
4/24/2023,Q2 '23,"27,000.00",$10M to $20M,
4/24/2023,Q2 '23,"11,000.00",$150M to $200M,
4/24/2023,Q2 '23,"18,000.00",$150M to $200M,
4/20/2023,Q2 '23,"15,000.00",$30M to $50M,
4/19/2023,Q2 '23,"12,000.00",$5M to $10M,
4/18/2023,Q2 '23,"30,000.00",$20M to $30M,
4/17/2023,Q2 '23,"6,000.00",$500M to $1B,
4/14/2023,Q2 '23,"10,000.00",$150M to $200M,
4/13/2023,Q2 '23,"7,000.00",$30M to $50M,
4/13/2023,Q2 '23,"5,000.00",$10M to $20M,
4/11/2023,Q2 '23,"5,000.00",$150M to $200M,
4/8/2023,Q2 '23,"30,000.00",$20M to $30M,
4/7/2023,Q2 '23,"24,000.00",$5M to $10M,
4/5/2023,Q2 '23,"12,000.00",$1B to $2B,
4/5/2023,Q2 '23,"12,000.00",$5M to $10M,
4/3/2023,Q2 '23,"33,000.00",$2M to $5M,
3/28/2023,Q1 '23,"45,000.00",$2M to $5M,
3/27/2023,Q1 '23,"30,000.00",$50M to $100M,
3/27/2023,Q1 '23,"11,200.00",$20M to $30M,
3/24/2023,Q1 '23,"5,000.00",$20M to $30M,
3/24/2023,Q1 '23,"12,000.00",$20M to $30M,
3/24/2023,Q1 '23,"40,000.00",$20M to $30M,
3/24/2023,Q1 '23,"2,500.00",$30M to $50M,
3/24/2023,Q1 '23,"60,000.00",$5M to $10M,
3/24/2023,Q1 '23,"30,000.00",$500M to $1B,
3/23/2023,Q1 '23,"4,500.00",$2M to $5M,
3/21/2023,Q1 '23,"15,000.00",$10M to $20M,
3/21/2023,Q1 '23,"35,000.00",$5M to $10M,
3/20/2023,Q1 '23,"13,000.00",$50M to $100M,
3/20/2023,Q1 '23,"10,000.00",$50M to $100M,
3/17/2023,Q1 '23,"10,000.00",$2M to $5M,
3/15/2023,Q1 '23,"20,000.00",$30M to $50M,
3/15/2023,Q1 '23,"25,000.00",$50M to $100M,
3/14/2023,Q1 '23,"25,000.00",$10M to $20M,
3/13/2023,Q1 '23,"3,000.00",$20M to $30M,
3/11/2023,Q1 '23,"22,000.00",$50M to $100M,
3/9/2023,Q1 '23,"8,500.00",$2M to $5M,
3/9/2023,Q1 '23,"36,000.00",$250M to $300M,
3/9/2023,Q1 '23,"3,500.00",$30M to $50M,
3/2/2023,Q1 '23,"5,000.00",$10M to $20M,
3/2/2023,Q1 '23,"20,000.00",$100M to $150M,
3/2/2023,Q1 '23,"50,000.00",$20M to $30M,
3/1/2023,Q1 '23,"10,000.00",$2M to $5M,
3/1/2023,Q1 '23,"40,000.00",$10M to $20M,
3/1/2023,Q1 '23,"5,000.00",$500k to $1M,
2/28/2023,Q1 '23,"25,000.00",$100M to $150M,
2/28/2023,Q1 '23,"7,000.00",$2M to $5M,
2/28/2023,Q1 '23,"4,000.00",$5M to $10M,
2/24/2023,Q1 '23,"5,000.00",$2M to $5M,
2/24/2023,Q1 '23,"5,000.00",$2M to $5M,
2/24/2023,Q1 '23,"15,000.00",$20M to $30M,
2/24/2023,Q1 '23,"1,000.00",$20M to $30M,
2/24/2023,Q1 '23,"20,000.00",$500k to $1M,
2/24/2023,Q1 '23,"20,000.00",$20M to $30M,
2/24/2023,Q1 '23,"7,000.00",$20M to $30M,
2/24/2023,Q1 '23,"18,000.00",$2M to $5M,
2/24/2023,Q1 '23,"18,000.00",$2M to $5M,
2/24/2023,Q1 '23,"7,000.00",$2M to $5M,
2/24/2023,Q1 '23,"20,000.00",$20M to $30M,
2/24/2023,Q1 '23,"7,000.00",$20M to $30M,
2/24/2023,Q1 '23,"40,000.00",$20M to $30M,
2/24/2023,Q1 '23,"15,000.00",$400M to $500M,
2/24/2023,Q1 '23,"17,000.00",$400M to $500M,
2/24/2023,Q1 '23,"8,000.00",$100M to $150M,
2/24/2023,Q1 '23,"17,500.00",$500k to $1M,
2/24/2023,Q1 '23,"45,000.00",$50M to $100M,
2/24/2023,Q1 '23,"1,500.00",$20M to $30M,
2/24/2023,Q1 '23,"25,000.00",$5M to $10M,
2/24/2023,Q1 '23,"20,000.00",$5M to $10M,
2/24/2023,Q1 '23,"18,000.00",$2M to $5M,
2/24/2023,Q1 '23,"5,000.00",$10M to $20M,
2/24/2023,Q1 '23,"40,000.00",$10M to $20M,
2/24/2023,Q1 '23,"20,000.00",$5M to $10M,
2/23/2023,Q1 '23,"20,000.00",$2M to $5M,
2/23/2023,Q1 '23,"31,000.00",$2M to $5M,
2/22/2023,Q1 '23,"12,000.00",$500k to $1M,
2/22/2023,Q1 '23,"30,000.00",$30M to $50M,
2/22/2023,Q1 '23,"3,000.00",$10M to $20M,
2/22/2023,Q1 '23,"5,000.00",$10M to $20M,
2/22/2023,Q1 '23,"10,000.00",$10M to $20M,
2/22/2023,Q1 '23,"10,000.00",$150M to $200M,
2/22/2023,Q1 '23,"10,000.00",$20M to $30M,
2/21/2023,Q1 '23,"30,000.00",$1B to $2B,
2/17/2023,Q1 '23,"7,000.00",$2M to $5M,
2/15/2023,Q1 '23,"16,800.00",$2M to $5M,
2/15/2023,Q1 '23,"52,000.00",$20M to $30M,
2/15/2023,Q1 '23,"25,000.00",$30M to $50M,
2/15/2023,Q1 '23,"4,000.00",$2M to $5M,
2/14/2023,Q1 '23,"4,000.00",$50M to $100M,
2/13/2023,Q1 '23,"36,000.00",$200M to $250M,
2/13/2023,Q1 '23,"45,000.00",$200M to $250M,
2/13/2023,Q1 '23,"170,000.00",$500M to $1B,
2/10/2023,Q1 '23,"3,000.00",$20M to $30M,
2/9/2023,Q1 '23,"8,000.00",$20M to $30M,
2/9/2023,Q1 '23,"2,000.00",$20M to $30M,
2/9/2023,Q1 '23,"25,000.00",$500k to $1M,
2/8/2023,Q1 '23,"2,000.00",$5M to $10M,
2/8/2023,Q1 '23,"8,000.00",$500k to $1M,
2/8/2023,Q1 '23,"50,000.00",$500k to $1M,
2/7/2023,Q1 '23,"10,000.00",$500k to $1M,
2/6/2023,Q1 '23,"20,000.00",$2M to $5M,
2/6/2023,Q1 '23,"45,000.00",$30M to $50M,
2/3/2023,Q1 '23,"11,000.00",$10M to $20M,
2/3/2023,Q1 '23,"19,000.00",$30M to $50M,
2/3/2023,Q1 '23,"90,000.00",$30M to $50M,
2/1/2023,Q1 '23,"55,000.00",$5M to $10M,
1/31/2023,Q1 '23,"40,000.00",$50M to $100M,
1/30/2023,Q1 '23,"8,100.00",$30M to $50M,
1/30/2023,Q1 '23,"30,000.00",$20M to $30M,
1/30/2023,Q1 '23,"6,000.00",$1M to $2M,
1/27/2023,Q1 '23,"20,000.00",$1B to $2B,
1/27/2023,Q1 '23,"120,000.00",$500M to $1B,
1/27/2023,Q1 '23,"150,000.00",$50M to $100M,
1/27/2023,Q1 '23,"5,000.00",$30M to $50M,
1/27/2023,Q1 '23,"30,000.00",$30M to $50M,
1/27/2023,Q1 '23,"2,000.00",$50M to $100M,
1/26/2023,Q1 '23,"20,000.00",$1B to $2B,
1/26/2023,Q1 '23,"10,000.00",$50M to $100M,
1/24/2023,Q1 '23,"14,000.00",$20M to $30M,
1/23/2023,Q1 '23,"10,000.00",$150M to $200M,
1/23/2023,Q1 '23,"20,000.00",$100M to $150M,
1/23/2023,Q1 '23,"95,000.00",$30M to $50M,
1/18/2023,Q1 '23,"9,000.00",$2B to $4B,
1/11/2023,Q1 '23,"50,000.00",$300M to $400M,
1/11/2023,Q1 '23,"3,000.00",$500k to $1M,
1/10/2023,Q1 '23,"44,900.00",$1M to $2M,
1/4/2023,Q1 '23,"20,440.80",$10M to $20M,
1/4/2023,Q1 '23,"6,000.00",$10M to $20M,
1/4/2023,Q1 '23,"5,000.00",$10M to $20M,
1/4/2023,Q1 '23,"5,000.00",$10M to $20M,
1/4/2023,Q1 '23,"40,000.00",$200M to $250M,
1/4/2023,Q1 '23,"420,000.00",$200M to $250M,
1/4/2023,Q1 '23,"30,000.00",$200M to $250M,
1/4/2023,Q1 '23,"30,000.00",$5M to $10M,
1/3/2023,Q1 '23,"10,000.00",$1M to $2M,
12/27/2022,Q4 '22,"78,000.00",$30M to $50M,
12/27/2022,Q4 '22,"20,000.00",$300M to $400M,
12/20/2022,Q4 '22,"3,000.00",$500k to $1M,
12/16/2022,Q4 '22,"23,000.00",$5M to $10M,
12/16/2022,Q4 '22,"1,000.00",$5M to $10M,
12/15/2022,Q4 '22,"30,000.00",$5M to $10M,
12/15/2022,Q4 '22,"18,000.00",$5M to $10M,
12/13/2022,Q4 '22,"15,000.00",$2M to $5M,
12/13/2022,Q4 '22,"20,000.00",$500k to $1M,
12/12/2022,Q4 '22,"15,000.00",$30M to $50M,
12/9/2022,Q4 '22,"30,000.00",$2M to $5M,
12/5/2022,Q4 '22,"18,000.00",$2B to $4B,
12/2/2022,Q4 '22,"20,000.00",$2M to $5M,
12/1/2022,Q4 '22,"40,000.00",$30M to $50M,
12/1/2022,Q4 '22,300,$20M to $30M,
11/30/2022,Q4 '22,"40,000.00",$4 Billion+,
11/30/2022,Q4 '22,"3,500.00",$2M to $5M,
11/30/2022,Q4 '22,"2,000.00",$1M to $2M,
11/29/2022,Q4 '22,"25,000.00",$2M to $5M,
11/29/2022,Q4 '22,"6,700.00",$2M to $5M,
11/29/2022,Q4 '22,"1,000.00",$2M to $5M,
11/28/2022,Q4 '22,"20,000.00",$5M to $10M,
11/23/2022,Q4 '22,"20,000.00",$5M to $10M,
11/23/2022,Q4 '22,"2,000.00",$20M to $30M,
11/22/2022,Q4 '22,"45,000.00",$400M to $500M,
11/18/2022,Q4 '22,"10,000.00",$100M to $150M,
11/17/2022,Q4 '22,"20,000.00",$50M to $100M,
11/16/2022,Q4 '22,"2,698.40",$10M to $20M,
11/14/2022,Q4 '22,"50,000.00",$50M to $100M,
11/14/2022,Q4 '22,"14,000.00",$500k to $1M,
11/14/2022,Q4 '22,"6,200.00",$50M to $100M,
11/11/2022,Q4 '22,"20,000.00",$20M to $30M,
11/10/2022,Q4 '22,"40,000.00",$500M to $1B,
11/10/2022,Q4 '22,"50,000.00",$10M to $20M,
11/10/2022,Q4 '22,"100,000.00",$10M to $20M,
11/10/2022,Q4 '22,"18,000.00",$10M to $20M,
11/10/2022,Q4 '22,"12,000.00",$5M to $10M,
11/10/2022,Q4 '22,"45,000.00",$10M to $20M,
11/9/2022,Q4 '22,"21,000.00",$250M to $300M,
11/9/2022,Q4 '22,500,$50M to $100M,
11/8/2022,Q4 '22,"1,900.00",$5M to $10M,
11/7/2022,Q4 '22,"5,000.00",$1M to $2M,
11/3/2022,Q4 '22,"50,000.00",$10M to $20M,
11/3/2022,Q4 '22,"21,100.00",$1B to $2B,
10/27/2022,Q4 '22,"40,000.00",$10M to $20M,
10/26/2022,Q4 '22,"90,000.00",$30M to $50M,
10/26/2022,Q4 '22,"15,000.00",$50M to $100M,
10/25/2022,Q4 '22,"13,000.00",$50M to $100M,
10/21/2022,Q4 '22,"40,000.00",$1M to $2M,
10/21/2022,Q4 '22,"50,000.00",$1M to $2M,
10/21/2022,Q4 '22,"50,000.00",$1M to $2M,
10/20/2022,Q4 '22,"40,000.00",$5M to $10M,
10/19/2022,Q4 '22,"12,000.00",$2B to $4B,
10/19/2022,Q4 '22,"30,000.00",$10M to $20M,
10/18/2022,Q4 '22,"24,000.00",$1M to $2M,
10/17/2022,Q4 '22,"2,000.00",$5M to $10M,
10/12/2022,Q4 '22,"40,000.00",$2M to $5M,
10/11/2022,Q4 '22,"20,000.00",$2M to $5M,
10/11/2022,Q4 '22,"4,000.00",$2M to $5M,
10/10/2022,Q4 '22,"50,000.00",$20M to $30M,
10/10/2022,Q4 '22,"1,000.00",$1M to $2M,
10/10/2022,Q4 '22,"17,000.00",$1B to $2B,
10/10/2022,Q4 '22,"24,000.00",$5M to $10M,
10/10/2022,Q4 '22,"25,000.00",Under $500K,
10/10/2022,Q4 '22,"17,000.00",$10M to $20M,
10/10/2022,Q4 '22,"25,000.00",Under $500K,
10/7/2022,Q4 '22,"10,000.00",$1B to $2B,
10/6/2022,Q4 '22,"15,000.00",$5M to $10M,
10/5/2022,Q4 '22,"35,000.00",$4 Billion+,
10/5/2022,Q4 '22,"6,000.00",Under $500K,
10/5/2022,Q4 '22,"15,000.00",$5M to $10M,
10/4/2022,Q4 '22,"3,000.00",$2M to $5M,
10/4/2022,Q4 '22,"69,000.00",$50M to $100M,
10/3/2022,Q4 '22,"4,000.00",$20M to $30M,
9/30/2022,Q3 '22,"14,000.00",$5M to $10M,
9/29/2022,Q3 '22,"20,000.00",$20M to $30M,
9/20/2022,Q3 '22,"35,000.00",$2M to $5M,
9/20/2022,Q3 '22,"1,000.00",$5M to $10M,
9/20/2022,Q3 '22,"1,500.00",$10M to $20M,
9/15/2022,Q3 '22,"20,000.00",$20M to $30M,
9/15/2022,Q3 '22,"18,000.00",$10M to $20M,
9/13/2022,Q3 '22,"2,500.00",$5M to $10M,
9/9/2022,Q3 '22,"4,000.00",$5M to $10M,
9/9/2022,Q3 '22,"3,000.00",$20M to $30M,
9/8/2022,Q3 '22,"3,000.00",$2M to $5M,
9/7/2022,Q3 '22,"15,000.00",$5M to $10M,
9/2/2022,Q3 '22,"2,000.00",$10M to $20M,
9/1/2022,Q3 '22,"20,000.00",$5M to $10M,
8/30/2022,Q3 '22,"15,000.00",$10M to $20M,
8/29/2022,Q3 '22,"4,500.00",Under $500K,
8/26/2022,Q3 '22,"3,000.00",$1M to $2M,
8/26/2022,Q3 '22,"30,000.00",$5M to $10M,
8/26/2022,Q3 '22,"4,000.00",$5M to $10M,
8/22/2022,Q3 '22,"4,000.00",$10M to $20M,
8/22/2022,Q3 '22,"4,276.80",$100M to $150M,
8/22/2022,Q3 '22,"45,000.00",$1B to $2B,
8/22/2022,Q3 '22,"17,000.00",$2M to $5M,
8/22/2022,Q3 '22,"21,000.00",$200M to $250M,
8/22/2022,Q3 '22,"14,000.00",$2M to $5M,
8/22/2022,Q3 '22,"15,000.00",$1M to $2M,
8/19/2022,Q3 '22,"1,000.00",$2M to $5M,
8/17/2022,Q3 '22,"6,000.00",$2M to $5M,
8/11/2022,Q3 '22,"1,000.00",$20M to $30M,
8/10/2022,Q3 '22,"50,000.00",$5M to $10M,
8/9/2022,Q3 '22,"35,000.00",$5M to $10M,
8/9/2022,Q3 '22,"40,000.00",$1M to $2M,
8/8/2022,Q3 '22,"8,000.00",$10M to $20M,
8/8/2022,Q3 '22,"11,500.00",$2M to $5M,
8/8/2022,Q3 '22,"15,000.00",$30M to $50M,
8/4/2022,Q3 '22,"30,000.00",$30M to $50M,
8/4/2022,Q3 '22,"3,300.00",$2M to $5M,
8/3/2022,Q3 '22,"1,500.00",$5M to $10M,
8/2/2022,Q3 '22,"40,000.00",$5M to $10M,
8/1/2022,Q3 '22,"50,000.00",$400M to $500M,
8/1/2022,Q3 '22,"45,000.00",$30M to $50M,
7/29/2022,Q3 '22,"22,000.00",$2M to $5M,
7/29/2022,Q3 '22,"6,000.00",$30M to $50M,
7/29/2022,Q3 '22,"18,000.00",$10M to $20M,
7/29/2022,Q3 '22,"20,000.00",$10M to $20M,
7/29/2022,Q3 '22,"20,000.00",$20M to $30M,
7/29/2022,Q3 '22,"20,000.00",$30M to $50M,
7/27/2022,Q3 '22,"20,000.00",$10M to $20M,
7/27/2022,Q3 '22,"3,000.00",$10M to $20M,
7/27/2022,Q3 '22,"10,000.00",$5M to $10M,
7/27/2022,Q3 '22,"5,200.00",$50M to $100M,
7/27/2022,Q3 '22,"16,000.00",$500k to $1M,
7/27/2022,Q3 '22,"15,000.00",$2M to $5M,
7/27/2022,Q3 '22,"79,000.00",$150M to $200M,
7/26/2022,Q3 '22,"2,000.00",$30M to $50M,
7/25/2022,Q3 '22,"15,000.00",$5M to $10M,
7/22/2022,Q3 '22,"45,000.00",$5M to $10M,
7/19/2022,Q3 '22,"2,000.00",$1B to $2B,
7/19/2022,Q3 '22,"3,000.00",$1M to $2M,
7/19/2022,Q3 '22,"2,000.00",$10M to $20M,
7/18/2022,Q3 '22,"20,000.00",$5M to $10M,
7/15/2022,Q3 '22,"100,000.00",$200M to $250M,
7/15/2022,Q3 '22,"17,000.00",$200M to $250M,
7/15/2022,Q3 '22,"7,000.00",$200M to $250M,
7/15/2022,Q3 '22,"11,000.00",$200M to $250M,
7/14/2022,Q3 '22,"25,000.00",$1M to $2M,
7/14/2022,Q3 '22,"8,000.00",$5M to $10M,
7/13/2022,Q3 '22,"3,000.00",$1M to $2M,
7/13/2022,Q3 '22,"15,000.00",$400M to $500M,
7/13/2022,Q3 '22,"6,000.00",$5M to $10M,
7/12/2022,Q3 '22,"20,000.00",$2M to $5M,
7/12/2022,Q3 '22,"20,000.00",$2M to $5M,
7/12/2022,Q3 '22,"4,000.00",$1M to $2M,
7/12/2022,Q3 '22,"10,000.00",$100M to $150M,
7/11/2022,Q3 '22,"7,500.00",$5M to $10M,
7/8/2022,Q3 '22,"21,000.00",$150M to $200M,
6/29/2022,Q2 '22,"100,000.00",$200M to $250M,
6/28/2022,Q2 '22,"4,000.00",Under $500K,
6/28/2022,Q2 '22,"20,000.00",Under $500K,
6/27/2022,Q2 '22,"150,000.00",$1B to $2B,
6/23/2022,Q2 '22,"3,000.00",$2M to $5M,
6/16/2022,Q2 '22,"3,000.00",$5M to $10M,
6/16/2022,Q2 '22,"32,000.00",$30M to $50M,
6/16/2022,Q2 '22,"2,000.00",$10M to $20M,
6/15/2022,Q2 '22,"14,000.00",$10M to $20M,
6/14/2022,Q2 '22,"5,000.00",$2M to $5M,
6/13/2022,Q2 '22,"5,000.00",$10M to $20M,
6/13/2022,Q2 '22,"16,000.00",$50M to $100M,
6/13/2022,Q2 '22,"2,000.00",$2M to $5M,
5/31/2022,Q2 '22,"1,100.00",$5M to $10M,
5/24/2022,Q2 '22,"3,800.00",$5M to $10M,
5/23/2022,Q2 '22,"1,000.00",Under $500K,
5/23/2022,Q2 '22,"8,000.00",$5M to $10M,
5/16/2022,Q2 '22,"5,000.00",$500M to $1B,
5/12/2022,Q2 '22,"15,000.00",$4 Billion+,
5/12/2022,Q2 '22,"20,000.00",$5M to $10M,
5/12/2022,Q2 '22,"20,000.00",$500M to $1B,
5/12/2022,Q2 '22,"4,000.00",$2M to $5M,
5/11/2022,Q2 '22,"2,500.00",Under $500K,
5/11/2022,Q2 '22,"28,000.00",$5M to $10M,
5/9/2022,Q2 '22,"15,000.00",Under $500K,
5/9/2022,Q2 '22,"20,000.00",$5M to $10M,
5/6/2022,Q2 '22,"2,000.00",$2M to $5M,
5/5/2022,Q2 '22,"1,000.00",$1M to $2M,
5/3/2022,Q2 '22,"19,800.00",$5M to $10M,
4/29/2022,Q2 '22,"10,000.00",$2M to $5M,
4/27/2022,Q2 '22,"20,000.00",$4 Billion+,
4/26/2022,Q2 '22,"30,000.00",$30M to $50M,
4/22/2022,Q2 '22,"80,000.00",$20M to $30M,
4/22/2022,Q2 '22,"15,000.00",$20M to $30M,
4/22/2022,Q2 '22,"23,500.00",$20M to $30M,
4/13/2022,Q2 '22,"4,000.00",$5M to $10M,
4/12/2022,Q2 '22,"8,000.00",$5M to $10M,
4/11/2022,Q2 '22,"6,300.00",$50M to $100M,
4/7/2022,Q2 '22,"15,000.00",Under $500K,
4/7/2022,Q2 '22,"10,000.00",$5M to $10M,
4/5/2022,Q2 '22,"54,000.00",Under $500K,
4/5/2022,Q2 '22,"9,000.00",Under $500K,
4/5/2022,Q2 '22,"12,000.00",Under $500K,
4/5/2022,Q2 '22,"20,000.00",Under $500K,
4/5/2022,Q2 '22,"1,000.00",$20M to $30M,
4/1/2022,Q2 '22,"35,000.00",$10M to $20M,
4/1/2022,Q2 '22,"3,000.00",$30M to $50M,
3/31/2022,Q1 '22,"45,000.00",$10M to $20M,
3/30/2022,Q1 '22,"1,000.00",$500k to $1M,
3/29/2022,Q1 '22,"5,000.00",$1M to $2M,
3/29/2022,Q1 '22,500,$1M to $2M,
3/29/2022,Q1 '22,"14,000.00",$5M to $10M,
3/24/2022,Q1 '22,"3,000.00",$5M to $10M,
3/23/2022,Q1 '22,"5,000.00",$10M to $20M,
3/23/2022,Q1 '22,"1,000.00",$1M to $2M,
3/23/2022,Q1 '22,"2,000.00",$5M to $10M,
3/23/2022,Q1 '22,"2,000.00",Under $500K,
3/23/2022,Q1 '22,"3,300.00",$50M to $100M,
3/23/2022,Q1 '22,"5,000.00",$2M to $5M,
3/23/2022,Q1 '22,"11,500.00",$5M to $10M,
3/23/2022,Q1 '22,"60,000.00",$2B to $4B,
3/23/2022,Q1 '22,"7,000.00",$30M to $50M,
3/22/2022,Q1 '22,"8,000.00",$10M to $20M,
3/18/2022,Q1 '22,800,$1M to $2M,
3/17/2022,Q1 '22,"6,000.00",$1M to $2M,
3/17/2022,Q1 '22,"7,000.00",Under $500K,
3/17/2022,Q1 '22,"6,200.00",$250M to $300M,
3/17/2022,Q1 '22,"5,500.00",$250M to $300M,
3/15/2022,Q1 '22,"3,000.00",$50M to $100M,
3/14/2022,Q1 '22,"3,000.00",$10M to $20M,
3/14/2022,Q1 '22,"5,000.00",$1B to $2B,
3/14/2022,Q1 '22,"4,000.00",$1M to $2M,
3/14/2022,Q1 '22,"30,000.00",$2B to $4B,
3/14/2022,Q1 '22,"3,700.00",Under $500K,
3/11/2022,Q1 '22,"35,000.00",$100M to $150M,
3/10/2022,Q1 '22,"7,500.00",$20M to $30M,
3/8/2022,Q1 '22,"60,000.00",$20M to $30M,
3/8/2022,Q1 '22,"11,000.00",$2M to $5M,
3/7/2022,Q1 '22,"20,000.00",$50M to $100M,
3/7/2022,Q1 '22,"6,000.00",$20M to $30M,
3/3/2022,Q1 '22,"20,000.00",$5M to $10M,
3/2/2022,Q1 '22,"10,000.00",$20M to $30M,
3/2/2022,Q1 '22,"3,000.00",$10M to $20M,
2/28/2022,Q1 '22,"40,000.00",$20M to $30M,
2/25/2022,Q1 '22,"15,000.00",$10M to $20M,
2/24/2022,Q1 '22,"10,000.00",$2M to $5M,
2/24/2022,Q1 '22,"45,000.00",$2M to $5M,
2/24/2022,Q1 '22,"1,000.00",$400M to $500M,
2/23/2022,Q1 '22,"10,000.00",$2M to $5M,
2/23/2022,Q1 '22,"1,000.00",$1B to $2B,
2/17/2022,Q1 '22,"5,000.00",$1M to $2M,
2/15/2022,Q1 '22,"20,000.00",$200M to $250M,
2/15/2022,Q1 '22,"10,000.00",$2M to $5M,
2/10/2022,Q1 '22,"2,000.00",$1M to $2M,
2/10/2022,Q1 '22,"7,000.00",$1M to $2M,
2/10/2022,Q1 '22,"9,000.00",$20M to $30M,
2/4/2022,Q1 '22,"2,500.00",$2M to $5M,
2/2/2022,Q1 '22,"7,000.00",$30M to $50M,
1/28/2022,Q1 '22,"15,000.00",Under $500K,
1/28/2022,Q1 '22,"15,000.00",$200M to $250M,
1/27/2022,Q1 '22,"12,500.00",$500k to $1M,
1/27/2022,Q1 '22,"25,000.00",$10M to $20M,
1/25/2022,Q1 '22,"20,000.00",$100M to $150M,
1/25/2022,Q1 '22,"2,000.00",$1M to $2M,
1/21/2022,Q1 '22,"20,000.00",$2M to $5M,
1/21/2022,Q1 '22,"2,000.00",$50M to $100M,
1/21/2022,Q1 '22,400,$1M to $2M,
1/20/2022,Q1 '22,"5,000.00",$2M to $5M,
1/19/2022,Q1 '22,"10,000.00",$5M to $10M,
1/18/2022,Q1 '22,"3,500.00",$2M to $5M,
1/18/2022,Q1 '22,"5,000.00",$500k to $1M,
1/12/2022,Q1 '22,"2,000.00",$500k to $1M,
1/12/2022,Q1 '22,"13,000.00",$2M to $5M,
1/11/2022,Q1 '22,"8,000.00",$1M to $2M,
1/10/2022,Q1 '22,"20,000.00",$30M to $50M,
1/10/2022,Q1 '22,"10,000.00",$30M to $50M,
1/7/2022,Q1 '22,"3,000.00",$10M to $20M,
1/5/2022,Q1 '22,"2,000.00",$2M to $5M,
1/5/2022,Q1 '22,"3,000.00",$1M to $2M,
1/5/2022,Q1 '22,"10,000.00",$500M to $1B,
1/4/2022,Q1 '22,"1,800.00",Under $500K,
1/3/2022,Q1 '22,"9,000.00",$2M to $5M,
12/22/2021,Q4 '21,"18,500.00",$50M to $100M,
12/22/2021,Q4 '21,"8,000.00",$1B to $2B,
12/17/2021,Q4 '21,"15,000.00",$100M to $150M,
12/14/2021,Q4 '21,"30,000.00",$5M to $10M,
12/14/2021,Q4 '21,"6,000.00",Under $500K,
12/10/2021,Q4 '21,"5,000.00",$2M to $5M,
12/10/2021,Q4 '21,"5,000.00",$2M to $5M,
12/8/2021,Q4 '21,"6,300.00",$500k to $1M,
12/7/2021,Q4 '21,"1,386.00",$5M to $10M,
12/6/2021,Q4 '21,"15,000.00",$5M to $10M,
12/2/2021,Q4 '21,"5,000.00",$1M to $2M,
12/2/2021,Q4 '21,"3,000.00",$500k to $1M,
11/23/2021,Q4 '21,"15,000.00",$5M to $10M,
11/19/2021,Q4 '21,"10,000.00",$2M to $5M,
11/19/2021,Q4 '21,"30,000.00",$30M to $50M,
11/16/2021,Q4 '21,"30,000.00",$5M to $10M,
11/15/2021,Q4 '21,"5,000.00",$1M to $2M,
11/10/2021,Q4 '21,"20,000.00",$10M to $20M,
11/9/2021,Q4 '21,"36,000.00",$5M to $10M,
11/9/2021,Q4 '21,"5,000.00",$100M to $150M,
11/9/2021,Q4 '21,"5,000.00",$2M to $5M,
11/5/2021,Q4 '21,"15,000.00",$5M to $10M,
11/4/2021,Q4 '21,"3,000.00",$20M to $30M,
11/4/2021,Q4 '21,"1,000.00",$2M to $5M,
11/4/2021,Q4 '21,"3,400.00",$2M to $5M,
11/4/2021,Q4 '21,"7,000.00",$30M to $50M,
11/2/2021,Q4 '21,"6,000.00",$2M to $5M,
10/29/2021,Q4 '21,"7,700.00",$5M to $10M,
10/27/2021,Q4 '21,"20,000.00",$150M to $200M,
10/27/2021,Q4 '21,"10,000.00",$50M to $100M,
10/27/2021,Q4 '21,"25,000.00",$5M to $10M,
10/26/2021,Q4 '21,"2,000.00",$2M to $5M,
10/26/2021,Q4 '21,"25,000.00",$5M to $10M,
10/21/2021,Q4 '21,"4,000.00",$4 Billion+,
10/20/2021,Q4 '21,"5,000.00",$2M to $5M,
10/18/2021,Q4 '21,"5,000.00",Under $500K,
10/18/2021,Q4 '21,"3,229.32",$5M to $10M,
10/18/2021,Q4 '21,"7,000.00",$5M to $10M,
10/13/2021,Q4 '21,"7,000.00",Under $500K,
10/12/2021,Q4 '21,"2,000.00",$30M to $50M,
10/12/2021,Q4 '21,"5,000.00",$5M to $10M,
10/12/2021,Q4 '21,"5,000.00",$2M to $5M,
10/12/2021,Q4 '21,"20,000.00",$2M to $5M,
10/11/2021,Q4 '21,"20,000.00",$5M to $10M,
10/11/2021,Q4 '21,"5,000.00",$5M to $10M,
10/11/2021,Q4 '21,"2,900.00",$5M to $10M,
10/11/2021,Q4 '21,"30,000.00",$5M to $10M,
10/11/2021,Q4 '21,"5,000.00",$2B to $4B,
10/5/2021,Q4 '21,"20,000.00",$30M to $50M,
10/2/2021,Q4 '21,"5,000.00",$2M to $5M,
9/30/2021,Q3 '21,"35,000.00",$20M to $30M,
9/30/2021,Q3 '21,"24,000.00",Under $500K,
9/28/2021,Q3 '21,"2,300.00",$2M to $5M,
9/24/2021,Q3 '21,"9,000.00",$1M to $2M,
9/23/2021,Q3 '21,"3,000.00",$1M to $2M,
9/21/2021,Q3 '21,"1,000.00",$5M to $10M,
9/21/2021,Q3 '21,"3,000.00",$2M to $5M,
9/16/2021,Q3 '21,"2,700.00",$2M to $5M,
9/14/2021,Q3 '21,"18,000.00",$10M to $20M,
9/14/2021,Q3 '21,"7,000.00",$20M to $30M,
9/13/2021,Q3 '21,"40,000.00",$5M to $10M,
9/9/2021,Q3 '21,500,$30M to $50M,
9/8/2021,Q3 '21,"15,000.00",$2M to $5M,
9/7/2021,Q3 '21,"30,000.00",$150M to $200M,
9/7/2021,Q3 '21,"13,000.00",$150M to $200M,
8/30/2021,Q3 '21,"11,000.00",$200M to $250M,
8/26/2021,Q3 '21,"8,000.00",$2M to $5M,
8/26/2021,Q3 '21,"5,000.00",$5M to $10M,
8/24/2021,Q3 '21,"22,000.00",$10M to $20M,
8/24/2021,Q3 '21,"60,000.00",$10M to $20M,
8/24/2021,Q3 '21,"15,000.00",$500k to $1M,
8/24/2021,Q3 '21,"3,000.00",$1M to $2M,
8/24/2021,Q3 '21,"4,000.00",$20M to $30M,
8/24/2021,Q3 '21,"56,000.00",$10M to $20M,
8/24/2021,Q3 '21,"40,000.00",$1B to $2B,
8/20/2021,Q3 '21,"15,000.00",$50M to $100M,
8/20/2021,Q3 '21,"1,300.00",$20M to $30M,
8/20/2021,Q3 '21,"4,000.00",$5M to $10M,
8/20/2021,Q3 '21,"35,000.00",$30M to $50M,
8/19/2021,Q3 '21,"2,200.00",$2M to $5M,
8/19/2021,Q3 '21,"5,000.00",$100M to $150M,
8/18/2021,Q3 '21,"6,000.00",$10M to $20M,
8/17/2021,Q3 '21,"5,000.00",$1M to $2M,
8/13/2021,Q3 '21,"15,000.00",$2M to $5M,
8/13/2021,Q3 '21,"60,000.00",$150M to $200M,
8/11/2021,Q3 '21,"45,000.00",$5M to $10M,
8/11/2021,Q3 '21,"5,000.00",$20M to $30M,
8/11/2021,Q3 '21,"7,000.00",$2M to $5M,
8/10/2021,Q3 '21,"14,000.00",$2B to $4B,
8/10/2021,Q3 '21,"57,000.00",$4 Billion+,
8/9/2021,Q3 '21,"1,000.00",$2M to $5M,
8/6/2021,Q3 '21,"6,000.00",$2M to $5M,
8/4/2021,Q3 '21,"50,000.00",$500M to $1B,
8/4/2021,Q3 '21,"9,000.00",$20M to $30M,
8/2/2021,Q3 '21,"15,000.00",$20M to $30M,
8/2/2021,Q3 '21,"3,000.00",$20M to $30M,
8/2/2021,Q3 '21,"17,000.00",$20M to $30M,
7/30/2021,Q3 '21,500,$30M to $50M,
7/29/2021,Q3 '21,"2,680.00",$50M to $100M,
7/28/2021,Q3 '21,"50,000.00",$50M to $100M,
7/28/2021,Q3 '21,"3,900.00",$500k to $1M,
7/27/2021,Q3 '21,"2,000.00",$5M to $10M,
7/26/2021,Q3 '21,"2,400.00",$2M to $5M,
7/23/2021,Q3 '21,"64,000.00",$1M to $2M,
7/22/2021,Q3 '21,"20,000.00",$1B to $2B,
7/21/2021,Q3 '21,"3,000.00",$100M to $150M,
7/21/2021,Q3 '21,"9,000.00",$2M to $5M,
7/21/2021,Q3 '21,"8,000.00",$2M to $5M,
7/20/2021,Q3 '21,"2,000.00",$2M to $5M,
7/19/2021,Q3 '21,"6,000.00",$5M to $10M,
7/19/2021,Q3 '21,"2,500.00",$2M to $5M,
7/14/2021,Q3 '21,"6,000.00",$30M to $50M,
7/14/2021,Q3 '21,"45,000.00",$50M to $100M,
7/14/2021,Q3 '21,"20,000.00",$10M to $20M,
7/14/2021,Q3 '21,690,$10M to $20M,
7/9/2021,Q3 '21,300,Under $500K,
7/6/2021,Q3 '21,"7,000.00",Under $500K,
7/6/2021,Q3 '21,"7,000.00",$20M to $30M,
7/6/2021,Q3 '21,"8,000.00",$2M to $5M,
6/29/2021,Q2 '21,"14,000.00",$2B to $4B,
6/29/2021,Q2 '21,"20,000.00",$50M to $100M,
6/24/2021,Q2 '21,"4,000.00",$2M to $5M,
6/22/2021,Q2 '21,"30,000.00",$10M to $20M,
6/21/2021,Q2 '21,"12,000.00",$1M to $2M,
6/17/2021,Q2 '21,"18,000.00",$300M to $400M,
6/17/2021,Q2 '21,"19,600.00",$10M to $20M,
6/8/2021,Q2 '21,300,Under $500K,
6/8/2021,Q2 '21,"23,000.00",$10M to $20M,
6/7/2021,Q2 '21,"45,000.00",$30M to $50M,
6/3/2021,Q2 '21,"15,000.00",$50M to $100M,
6/3/2021,Q2 '21,"9,000.00",$2M to $5M,
6/3/2021,Q2 '21,"26,000.00",$2M to $5M,
6/1/2021,Q2 '21,"13,000.00",$200M to $250M,
5/28/2021,Q2 '21,"3,000.00",$1M to $2M,
5/28/2021,Q2 '21,"10,000.00",$1M to $2M,
5/28/2021,Q2 '21,"1,000.00",$1M to $2M,
5/28/2021,Q2 '21,"1,800.00",$1M to $2M,
5/28/2021,Q2 '21,"9,000.00",$10M to $20M,
5/27/2021,Q2 '21,"23,000.00",$30M to $50M,
5/27/2021,Q2 '21,"1,300.00",$20M to $30M,
5/27/2021,Q2 '21,"8,000.00",$20M to $30M,
5/27/2021,Q2 '21,"15,000.00",$20M to $30M,
5/27/2021,Q2 '21,"13,000.00",$5M to $10M,
5/26/2021,Q2 '21,"15,000.00",$200M to $250M,
5/26/2021,Q2 '21,"40,000.00",$30M to $50M,
5/26/2021,Q2 '21,"30,000.00",$2M to $5M,
5/20/2021,Q2 '21,"25,000.00",$100M to $150M,
5/20/2021,Q2 '21,"20,000.00",$2B to $4B,
5/13/2021,Q2 '21,"4,000.00",$5M to $10M,
5/11/2021,Q2 '21,"23,000.00",$100M to $150M,
5/11/2021,Q2 '21,"24,000.00",$20M to $30M,
5/11/2021,Q2 '21,"25,000.00",$2M to $5M,
5/7/2021,Q2 '21,"25,000.00",$10M to $20M,
5/7/2021,Q2 '21,"5,000.00",$2M to $5M,
5/6/2021,Q2 '21,"20,000.00",$1M to $2M,
5/5/2021,Q2 '21,"2,800.00",$150M to $200M,
4/16/2021,Q2 '21,"4,900.00",$20M to $30M,
4/14/2021,Q2 '21,"3,500.00",$20M to $30M,
4/13/2021,Q2 '21,"1,500.00",$5M to $10M,
4/12/2021,Q2 '21,"2,000.00",$5M to $10M,
4/9/2021,Q2 '21,"60,000.00",$2M to $5M,
4/9/2021,Q2 '21,"21,250.00",$20M to $30M,
4/7/2021,Q2 '21,"7,000.00",$200M to $250M,
4/7/2021,Q2 '21,"7,000.00",$500k to $1M,
4/6/2021,Q2 '21,"4,000.00",$1M to $2M,
4/1/2021,Q2 '21,"7,500.00",$1M to $2M,
3/31/2021,Q1 '21,"10,000.00",$5M to $10M,
3/31/2021,Q1 '21,"15,500.00",$2M to $5M,
3/31/2021,Q1 '21,"15,500.00",$2M to $5M,
3/30/2021,Q1 '21,"10,000.00",$5M to $10M,
3/30/2021,Q1 '21,"18,000.00",$20M to $30M,
3/29/2021,Q1 '21,"25,000.00",$30M to $50M,
3/26/2021,Q1 '21,"37,400.00",$5M to $10M,
3/26/2021,Q1 '21,"10,000.00",$5M to $10M,
3/25/2021,Q1 '21,"17,000.00",$2B to $4B,
3/25/2021,Q1 '21,"4,500.00",$2M to $5M,
3/25/2021,Q1 '21,"40,000.00",$10M to $20M,
3/25/2021,Q1 '21,"30,000.00",$5M to $10M,
3/25/2021,Q1 '21,"6,000.00",$500k to $1M,
3/25/2021,Q1 '21,"5,500.00",$500k to $1M,
3/25/2021,Q1 '21,600,$5M to $10M,
3/23/2021,Q1 '21,"1,200.00",$1M to $2M,
3/23/2021,Q1 '21,"2,000.00",$2M to $5M,
3/22/2021,Q1 '21,"15,000.00",$2M to $5M,
3/22/2021,Q1 '21,"1,000.00",$500k to $1M,
3/19/2021,Q1 '21,"15,000.00",$30M to $50M,
3/18/2021,Q1 '21,"5,000.00",$5M to $10M,
3/17/2021,Q1 '21,"21,183.67",$2M to $5M,
3/16/2021,Q1 '21,"2,000.00",$2M to $5M,
3/16/2021,Q1 '21,"15,000.00",$30M to $50M,
3/16/2021,Q1 '21,"20,000.00",$10M to $20M,
3/15/2021,Q1 '21,"20,000.00",$10M to $20M,
3/10/2021,Q1 '21,"35,000.00",$50M to $100M,
3/10/2021,Q1 '21,"5,000.00",$10M to $20M,
3/10/2021,Q1 '21,"25,000.00",$100M to $150M,
3/9/2021,Q1 '21,"18,000.00",$5M to $10M,
3/8/2021,Q1 '21,"10,000.00",$2M to $5M,
3/5/2021,Q1 '21,"1,500.00",$500k to $1M,
3/4/2021,Q1 '21,"4,900.00",$2M to $5M,
3/3/2021,Q1 '21,"33,000.00",$30M to $50M,
3/2/2021,Q1 '21,"5,000.00",$1M to $2M,
3/2/2021,Q1 '21,"24,000.00",$5M to $10M,
2/23/2021,Q1 '21,"7,000.00",$50M to $100M,
2/18/2021,Q1 '21,"13,000.00",$5M to $10M,
2/17/2021,Q1 '21,"80,000.00",$150M to $200M,
2/10/2021,Q1 '21,"1,000.00",$1M to $2M,
2/9/2021,Q1 '21,"41,000.00",$5M to $10M,
2/9/2021,Q1 '21,"2,500.00",$5M to $10M,
2/8/2021,Q1 '21,"4,000.00",$2M to $5M,
2/8/2021,Q1 '21,"5,000.00",$30M to $50M,
2/5/2021,Q1 '21,"65,000.00",$5M to $10M,
2/4/2021,Q1 '21,"25,000.00",$2M to $5M,
2/4/2021,Q1 '21,"15,000.00",$10M to $20M,
2/3/2021,Q1 '21,"10,000.00",$2M to $5M,
2/2/2021,Q1 '21,"53,000.00",$50M to $100M,
2/2/2021,Q1 '21,"8,000.00",$500k to $1M,
2/2/2021,Q1 '21,"5,000.00",$30M to $50M,
1/29/2021,Q1 '21,"37,000.00",$2M to $5M,
1/29/2021,Q1 '21,"30,000.00",$2M to $5M,
1/29/2021,Q1 '21,"3,000.00",$5M to $10M,
1/29/2021,Q1 '21,"4,900.00",$20M to $30M,
1/29/2021,Q1 '21,"10,000.00",$10M to $20M,
1/28/2021,Q1 '21,"15,000.00",$5M to $10M,
1/27/2021,Q1 '21,"9,000.00",$2M to $5M,
1/27/2021,Q1 '21,"22,780.80",$5M to $10M,
1/26/2021,Q1 '21,"15,000.00",$5M to $10M,
1/25/2021,Q1 '21,"7,000.00",$500k to $1M,
1/25/2021,Q1 '21,"8,000.00",$500k to $1M,
1/20/2021,Q1 '21,"40,000.00",$10M to $20M,
1/20/2021,Q1 '21,"13,500.00",$2M to $5M,
1/19/2021,Q1 '21,"50,000.00",$5M to $10M,
1/19/2021,Q1 '21,"2,000.00",$2M to $5M,
1/15/2021,Q1 '21,"12,000.00",$5M to $10M,
1/14/2021,Q1 '21,"7,000.00",$30M to $50M,
1/14/2021,Q1 '21,"10,000.00",$1M to $2M,
1/13/2021,Q1 '21,"4,000.00",$10M to $20M,
1/11/2021,Q1 '21,"15,000.00",$10M to $20M,
1/7/2021,Q1 '21,"10,000.00",$10M to $20M,
1/7/2021,Q1 '21,"5,000.00",$10M to $20M,
1/7/2021,Q1 '21,"6,000.00",$10M to $20M,
1/7/2021,Q1 '21,"20,000.00",$5M to $10M,
1/6/2021,Q1 '21,"1,000.00",Under $500K,
1/6/2021,Q1 '21,"7,000.00",$10M to $20M,
1/4/2021,Q1 '21,"6,000.00",Under $500K,
12/23/2020,Q4 '20,"7,000.00",$5M to $10M,
12/22/2020,Q4 '20,"35,300.00",$5M to $10M,
12/21/2020,Q4 '20,"15,000.00",$5M to $10M,
12/17/2020,Q4 '20,"7,500.00",$2M to $5M,
12/17/2020,Q4 '20,"16,000.00",$2M to $5M,
12/16/2020,Q4 '20,"8,000.00",$20M to $30M,
12/14/2020,Q4 '20,"60,000.00",$400M to $500M,
12/14/2020,Q4 '20,"5,000.00",$10M to $20M,
12/11/2020,Q4 '20,"4,000.00",$5M to $10M,
12/10/2020,Q4 '20,"5,000.00",$5M to $10M,
12/9/2020,Q4 '20,"24,000.00",$2M to $5M,
12/9/2020,Q4 '20,"75,000.00",$30M to $50M,
12/9/2020,Q4 '20,"13,000.00",$2M to $5M,
12/8/2020,Q4 '20,"4,700.00",$5M to $10M,
12/4/2020,Q4 '20,"7,200.00",$20M to $30M,
12/3/2020,Q4 '20,"8,500.00",$500k to $1M,
12/1/2020,Q4 '20,"30,000.00",$5M to $10M,
11/30/2020,Q4 '20,"15,000.00",$2M to $5M,
11/25/2020,Q4 '20,"26,000.00",$5M to $10M,
11/25/2020,Q4 '20,"6,000.00",$5M to $10M,
11/24/2020,Q4 '20,"17,000.00",$30M to $50M,
11/23/2020,Q4 '20,"9,600.00",$500k to $1M,
11/20/2020,Q4 '20,"17,016.00",$5M to $10M,
11/20/2020,Q4 '20,"32,000.00",$1M to $2M,
11/20/2020,Q4 '20,"20,000.00",$5M to $10M,
11/19/2020,Q4 '20,"20,000.00",Under $500K,
11/19/2020,Q4 '20,"9,588.00",$100M to $150M,
11/18/2020,Q4 '20,"60,000.00",$20M to $30M,
11/12/2020,Q4 '20,"6,800.00",$20M to $30M,
11/10/2020,Q4 '20,"5,000.00",$500k to $1M,
11/9/2020,Q4 '20,"18,000.00",$500k to $1M,
11/6/2020,Q4 '20,"35,000.00",$1M to $2M,
11/6/2020,Q4 '20,"4,000.00",$10M to $20M,
11/5/2020,Q4 '20,"17,000.00",$5M to $10M,
11/5/2020,Q4 '20,"25,000.00",$500k to $1M,
11/5/2020,Q4 '20,"20,000.00",$150M to $200M,
11/4/2020,Q4 '20,"51,000.00",$5M to $10M,
11/4/2020,Q4 '20,"9,000.00",$2M to $5M,
10/30/2020,Q4 '20,"12,000.00",$1M to $2M,
10/29/2020,Q4 '20,"5,000.00",$30M to $50M,
10/28/2020,Q4 '20,"50,000.00",$2M to $5M,
10/26/2020,Q4 '20,"60,000.00",$300M to $400M,
10/26/2020,Q4 '20,"38,300.00",$2M to $5M,
10/26/2020,Q4 '20,"1,000.00",$2M to $5M,
10/26/2020,Q4 '20,"6,000.00",$5M to $10M,
10/22/2020,Q4 '20,"4,500.00",$2M to $5M,
10/21/2020,Q4 '20,"28,000.00",$200M to $250M,
10/20/2020,Q4 '20,"25,000.00",$10M to $20M,
10/19/2020,Q4 '20,"10,000.00",$1M to $2M,
10/19/2020,Q4 '20,"34,000.00",$5M to $10M,
10/18/2020,Q4 '20,"3,000.00",$10M to $20M,
10/15/2020,Q4 '20,"30,000.00",$500k to $1M,
10/13/2020,Q4 '20,"25,000.00",$10M to $20M,
10/7/2020,Q4 '20,"40,000.00",$5M to $10M,
10/6/2020,Q4 '20,"20,000.00",$1M to $2M,
10/5/2020,Q4 '20,"6,000.00",$500k to $1M,
10/5/2020,Q4 '20,"30,000.00",$10M to $20M,
10/5/2020,Q4 '20,"140,000.00",$30M to $50M,
10/2/2020,Q4 '20,"6,000.00",$1M to $2M,
9/29/2020,Q3 '20,"8,000.00",$2M to $5M,
9/29/2020,Q3 '20,"15,000.00",$5M to $10M,
9/25/2020,Q3 '20,"53,000.00",$20M to $30M,
9/25/2020,Q3 '20,"16,500.00",$1M to $2M,
9/23/2020,Q3 '20,"10,000.00",$1M to $2M,
9/21/2020,Q3 '20,"10,000.00",$500k to $1M,
9/21/2020,Q3 '20,"10,776.00",$5M to $10M,
9/21/2020,Q3 '20,"30,000.00",$2M to $5M,
9/16/2020,Q3 '20,"15,000.00",$2M to $5M,
9/16/2020,Q3 '20,700,$2M to $5M,
9/15/2020,Q3 '20,"7,000.00",$10M to $20M,
9/10/2020,Q3 '20,"25,000.00",$4 Billion+,
9/3/2020,Q3 '20,"20,000.00",$5M to $10M,
9/3/2020,Q3 '20,"6,000.00",$20M to $30M,
9/1/2020,Q3 '20,"26,853.00",$2M to $5M,
8/28/2020,Q3 '20,"1,611.65",$2M to $5M,
8/26/2020,Q3 '20,"98,000.00",$5M to $10M,
8/26/2020,Q3 '20,"10,000.00",$20M to $30M,
8/25/2020,Q3 '20,"6,000.00",$20M to $30M,
8/24/2020,Q3 '20,"18,000.00",$20M to $30M,
8/21/2020,Q3 '20,"12,000.00",$500k to $1M,
8/21/2020,Q3 '20,"43,000.00",$500k to $1M,
8/19/2020,Q3 '20,"23,000.00",$500k to $1M,
8/14/2020,Q3 '20,"30,000.00",$10M to $20M,
8/13/2020,Q3 '20,"9,000.00",$5M to $10M,
8/13/2020,Q3 '20,"14,400.00",$30M to $50M,
8/12/2020,Q3 '20,"4,000.00",$1M to $2M,
8/11/2020,Q3 '20,"6,000.00",$2B to $4B,
8/11/2020,Q3 '20,"52,000.00",$500k to $1M,
8/10/2020,Q3 '20,"20,000.00",$1M to $2M,
8/10/2020,Q3 '20,"5,000.00",$10M to $20M,
8/6/2020,Q3 '20,"20,000.00",$5M to $10M,
8/3/2020,Q3 '20,"20,000.00",$30M to $50M,
7/30/2020,Q3 '20,"20,000.00",$30M to $50M,
7/29/2020,Q3 '20,"4,000.00",$1M to $2M,
7/29/2020,Q3 '20,"17,400.00",$2M to $5M,
7/28/2020,Q3 '20,"15,000.00",$5M to $10M,
7/28/2020,Q3 '20,"40,000.00",$30M to $50M,
7/23/2020,Q3 '20,"38,992.20",$2M to $5M,
7/23/2020,Q3 '20,"14,994.00",$2M to $5M,
7/16/2020,Q3 '20,"40,000.00",$10M to $20M,
7/16/2020,Q3 '20,"23,000.00",$1B to $2B,
7/14/2020,Q3 '20,"2,600.00",$2M to $5M,
7/14/2020,Q3 '20,"20,000.00",$2M to $5M,
7/9/2020,Q3 '20,"18,000.00",$5M to $10M,
7/9/2020,Q3 '20,"40,000.00",$200M to $250M,
7/8/2020,Q3 '20,"15,000.00",$200M to $250M,
7/7/2020,Q3 '20,"2,278.29",$1M to $2M,
7/6/2020,Q3 '20,"10,000.00",$10M to $20M,
6/30/2020,Q2 '20,"1,900.00",$2M to $5M,
6/29/2020,Q2 '20,"5,000.00",$20M to $30M,
6/25/2020,Q2 '20,"10,000.00",$2M to $5M,
6/25/2020,Q2 '20,"12,000.00",$5M to $10M,
6/24/2020,Q2 '20,"6,000.00",$150M to $200M,
6/18/2020,Q2 '20,"4,300.00",$2M to $5M,
6/12/2020,Q2 '20,"15,000.00",$5M to $10M,
6/10/2020,Q2 '20,"3,000.00",$2M to $5M,
6/10/2020,Q2 '20,"6,000.00",$30M to $50M,
6/4/2020,Q2 '20,"30,000.00",$50M to $100M,
5/27/2020,Q2 '20,"2,700.00",$1M to $2M,
5/21/2020,Q2 '20,"42,000.00",$20M to $30M,
5/19/2020,Q2 '20,"12,000.00",$1M to $2M,
5/18/2020,Q2 '20,"75,000.00",$200M to $250M,
5/14/2020,Q2 '20,"7,900.00",$1M to $2M,
5/8/2020,Q2 '20,"8,900.00",$500k to $1M,
5/6/2020,Q2 '20,"75,428.00",$2M to $5M,
5/6/2020,Q2 '20,24,$1M to $2M,
5/4/2020,Q2 '20,600,$250M to $300M,
4/28/2020,Q2 '20,"16,000.00",$2M to $5M,
4/28/2020,Q2 '20,"40,000.00",$2M to $5M,
4/27/2020,Q2 '20,"15,000.00",$2M to $5M,
4/24/2020,Q2 '20,"60,000.00",Under $500K,
4/17/2020,Q2 '20,"2,000.00",$500k to $1M,
4/16/2020,Q2 '20,"5,000.00",$2M to $5M,
4/16/2020,Q2 '20,"2,000.00",$2M to $5M,
4/13/2020,Q2 '20,"10,000.00",$30M to $50M,
4/8/2020,Q2 '20,"31,620.00",$250M to $300M,
4/7/2020,Q2 '20,"7,000.00",$250M to $300M,
4/3/2020,Q2 '20,"19,488.80",$50M to $100M,
3/30/2020,Q1 '20,"34,000.00",$2M to $5M,
3/27/2020,Q1 '20,"225,000.00",$1M to $2M,
3/23/2020,Q1 '20,"15,500.00",$2M to $5M,
3/13/2020,Q1 '20,"10,000.00",$250M to $300M,
3/11/2020,Q1 '20,"150,000.00",$2B to $4B,
3/11/2020,Q1 '20,"20,000.00",$2B to $4B,
3/10/2020,Q1 '20,"1,000.00",$50M to $100M,
3/4/2020,Q1 '20,"6,000.00",$5M to $10M,
3/2/2020,Q1 '20,"15,000.00",$500k to $1M,
2/25/2020,Q1 '20,"10,000.00",$30M to $50M,
2/13/2020,Q1 '20,"1,600.00",$2M to $5M,
2/12/2020,Q1 '20,"15,000.00",$2M to $5M,
2/6/2020,Q1 '20,"16,000.00",$10M to $20M,
2/5/2020,Q1 '20,"15,000.00",$500k to $1M,
2/4/2020,Q1 '20,"6,000.00",Under $500K,
1/8/2020,Q1 '20,"17,000.00",$2B to $4B,
1/7/2020,Q1 '20,"18,000.00",$2M to $5M,